{
  "guarded_mean_ms": 0.7106324998894706,
  "guarded_p95_ms": 1.0429999674670398,
  "iterations": 1000,
  "raw_mean_ms": 0.6184141008416191,
  "raw_p95_ms": 0.9463000460527837,
  "warmup_iterations": 100
}